{
  "Redis": {
    "Host": "redis:6379",
    "Password": ""
  },
  "EventHub": {
    "ConnectionString": "Endpoint=sb://del-tl-daf-gpd-eventhub.servicebus.windows.net/;SharedAccessKeyName=RootManageSharedAccessKey;SharedAccessKey=8PkPHEwDMs9Znj5/Ozl4rw4LEcyhbSWcd3My8dSvOKk="
  },
  "ServiceBus": {
    "ConnectionString": "Endpoint=sb://del-tl-daf-gpd-common-srv-bus.servicebus.windows.net/;SharedAccessKeyName=RootManageSharedAccessKey;SharedAccessKey=6COU0J4PmcOi+FQOlBXbJrGc712RVZUQ5wedR0GW6Ck="
  },
  "AuditingStorageAccount": {
    "Name": "deltldafgpdcommonstracc",
    "Key": "JS6lLBpOhf/1UVwtkdF1PrBI02/sp7wPgf9h4scgXfIDztqfc9bAKmOz3paVMxSLyfl4pRYBgKoBHB63iUesnQ=="
  },
  "DocumentStorageAccount": {
    "Name": "deltldafgpdcommonstracc",
    "Key": "JS6lLBpOhf/1UVwtkdF1PrBI02/sp7wPgf9h4scgXfIDztqfc9bAKmOz3paVMxSLyfl4pRYBgKoBHB63iUesnQ=="
  },
  "CompanyStorageAccount": {
    "Name": "deltldafgpdcommonstracc",
    "Key": "JS6lLBpOhf/1UVwtkdF1PrBI02/sp7wPgf9h4scgXfIDztqfc9bAKmOz3paVMxSLyfl4pRYBgKoBHB63iUesnQ=="
  }
}